customer_id,name ,email_id,phone
3747,Siobhan Morgon,smorgon0@desdev.cn,867 543 0616
3341,Bobette Cree,bcree1@mtv.com,663 815 3226
3428,Harmon Pahl,hpahl2@simplemachines.org,825 678 0059
3506,Esme Horrigan,ehorrigan3@auda.org.au,923 497 8518
3763,Celinda Sidaway,csidaway4@twitpic.com,794 880 8433
3906,Beaufort Donat,bdonat5@statcounter.com,816 383 5620
3785,Rex Chastanet,rchastanet6@ft.com,766 123 7962
3742,Kerwin Braddick,kbraddick7@netvibes.com,405 260 5685
3749,Livia Ossipenko,lossipenko8@vistaprint.com,424 631 1004
3887,Augustine Lightwing,alightwing9@tuttocitta.it,129 520 1144
3587,Gilberta O'Currigan,gocurrigana@mit.edu,403 942 4658
3837,Lucinda Burnel,lburnelb@csmonitor.com,899 322 5244
3005,Victoir Donaldson,vdonaldsonc@hhs.gov,220 661 8489
3113,Tobi MacSkeagan,tmacskeagand@spiegel.de,961 560 7240
3936,Rudy Bithany,rbithanye@google.co.jp,567 506 4859
3212,Hersh Syder,hsyderf@list-manage.com,708 322 0594
3357,Maryjane Macknish,mmacknishg@unesco.org,224 423 0435
3643,Margarette Seymark,mseymarkh@skype.com,857 566 9972
3209,David Aslett,dasletti@umn.edu,366 728 3315
3823,Augusto Shimwell,ashimwellj@linkedin.com,884 536 1520
3217,Billi Martugin,bmartugink@cargocollective.com,276 954 4419
3325,Shari Farrier,sfarrierl@ftc.gov,408 468 5044
3793,Raina Durrance,rdurrancem@bandcamp.com,278 490 4108
3979,Chelsea Neubigin,cneubiginn@europa.eu,723 788 1763
3634,Sam Buttner,sbuttnero@fotki.com,433 804 5541
3157,Ileane Odcroft,iodcroftp@yandex.ru,869 832 2938
3660,Kanya Origin,koriginq@ezinearticles.com,906 608 2463
3525,Boone McGahy,bmcgahyr@hubpages.com,393 655 5678
3796,Nettle Hearne,nhearnes@topsy.com,165 850 7972
3455,Karleen de Mullett,kdet@tinypic.com,869 902 0800
3952,Kristy Covendon,kcovendonu@ovh.net,524 920 8100
3625,Merl Hassur,mhassurv@goo.ne.jp,496 907 7575
3829,Carlie Gange,cgangew@irs.gov,426 632 9906
3523,Decca Somerville,dsomervillex@foxnews.com,804 438 6143
3795,Bucky Foy,bfoyy@aboutads.info,339 668 3810
3971,Cheryl Niland,cnilandz@jimdo.com,596 280 7706
3464,Ollie Bass,obass10@ucoz.ru,700 920 4803
3064,Prinz Naul,pnaul11@princeton.edu,155 760 2187
3672,Charley Yesenev,cyesenev12@over-blog.com,769 122 0147
3576,Gaultiero Train,gtrain13@eventbrite.com,693 728 6512
3809,Jehanna Litherborough,jlitherborough14@npr.org,190 703 4247
3061,Maisie Muffen,mmuffen15@redcross.org,416 352 5630
3629,Eldridge Edelmann,eedelmann16@hhs.gov,552 683 0425
3015,Jerrylee Sherrocks,jsherrocks17@pinterest.com,933 280 7456
3897,Shelton Bowerbank,sbowerbank18@artisteer.com,421 924 1085
3226,Kelcey Kernaghan,kkernaghan19@toplist.cz,738 722 7258
3389,Vitia Leaming,vleaming1a@prlog.org,707 196 9476
3209,Susanna Sare,ssare1b@sun.com,801 574 7893
3020,Moselle Girardoni,mgirardoni1c@jimdo.com,916 200 3657
3106,Darcee Lansdowne,dlansdowne1d@ca.gov,549 148 0152
3367,Dorothee MacNeill,dmacneill1e@google.ca,575 520 8144
3638,Wylie Jeaffreson,wjeaffreson1f@addthis.com,512 620 4872
3061,Haven Padmore,hpadmore1g@netlog.com,352 435 6724
3591,Silvia Parslow,sparslow1h@unblog.fr,766 749 3373
3134,Jillana Batie,jbatie1i@gnu.org,963 390 0692
3172,Alejandro Corona,acorona1j@mozilla.org,897 950 0407
3142,Sanford Toothill,stoothill1k@lycos.com,252 274 9158
3412,Caty Janodet,cjanodet1l@macromedia.com,819 394 7135
3579,Lesley Handlin,lhandlin1m@elpais.com,449 222 5109
3286,Barth Cutler,bcutler1n@smugmug.com,262 707 5663
3388,Borden Solon,bsolon1o@mozilla.com,712 539 3208
3361,Augustine Vila,avila1p@indiegogo.com,941 453 3430
3970,Grace Slipper,gslipper1q@sfgate.com,646 286 8791
3083,Farrell Motte,fmotte1r@nih.gov,934 652 5320
3578,Obed Embling,oembling1s@wordpress.com,673 408 4059
3578,Amory Riply,ariply1t@abc.net.au,959 718 9752
3567,Standford Lasty,slasty1u@studiopress.com,774 785 8276
3585,Brok Guillart,bguillart1v@paginegialle.it,114 540 9757
3202,Donnell Syratt,dsyratt1w@geocities.com,903 552 8270
3389,Abraham Jopke,ajopke1x@domainmarket.com,315 550 5631
3048,Sybila Grabban,sgrabban1y@smh.com.au,472 850 9045
3019,Benny Dyball,bdyball1z@ifeng.com,702 155 2361
3360,Thornie Rowth,trowth20@dion.ne.jp,246 525 0576
3154,Katya Ridout,kridout21@jimdo.com,352 225 2765
3582,Karyl Bernardo,kbernardo22@mac.com,566 401 9674
3913,Celestyn Frome,cfrome23@prlog.org,503 491 3231
3763,Midge Errichiello,merrichiello24@howstuffworks.com,623 578 6313
3312,Stefania Moors,smoors25@upenn.edu,133 920 8569
3921,Leicester Grigoliis,lgrigoliis26@cafepress.com,297 812 4958
3229,Mischa Thrussell,mthrussell27@pen.io,289 592 9535
3133,Xavier Friar,xfriar28@apache.org,760 207 4425
3362,Sonni Cassidy,scassidy29@skyrock.com,380 608 6865
3147,Leigha Brabant,lbrabant2a@hc360.com,517 113 0399
3946,Carmencita Melloi,cmelloi2b@51.la,438 624 5844
3581,Correna Gillaspy,cgillaspy2c@accuweather.com,214 791 2226
3088,Odelia Heatley,oheatley2d@comsenz.com,675 836 7250
3750,Aubry Tampin,atampin2e@github.com,228 449 4063
3668,Letta Habert,lhabert2f@smugmug.com,279 943 9521
3220,Boycie Tunna,btunna2g@sakura.ne.jp,703 532 5248
3375,Duke Horsburgh,dhorsburgh2h@theatlantic.com,927 662 9585
3974,Ardath Souza,asouza2i@merriam-webster.com,460 734 4899
3817,Goldarina Lourens,glourens2j@edublogs.org,155 533 5306
3292,Hanna Hinzer,hhinzer2k@multiply.com,163 654 2861
3926,Keary Poutress,kpoutress2l@issuu.com,879 431 7301
3262,Michele Paulisch,mpaulisch2m@ted.com,536 911 2648
3351,Vinson Cosgrive,vcosgrive2n@mayoclinic.com,484 355 1292
3805,Felike Darragon,fdarragon2o@parallels.com,118 899 4239
3030,Brent McLucky,bmclucky2p@sakura.ne.jp,192 619 6906
3119,Jeannine Milazzo,jmilazzo2q@moonfruit.com,829 148 2426
3572,Paolo Chern,pchern2r@freewebs.com,823 926 3729
3102,Pavia Webber,pwebber2s@toplist.cz,243 343 2153
3548,Carlina Tewnion,ctewnion2t@imdb.com,182 166 0967
3461,Don Daveran,ddaveran2u@walmart.com,943 714 2593
3267,Arte Sommerling,asommerling2v@t-online.de,260 355 4108
3229,Bengt Martell,bmartell2w@indiatimes.com,280 816 3675
3704,Cari Antognazzi,cantognazzi2x@ucoz.com,684 811 8146
3820,Mitchael Towers,mtowers2y@unesco.org,263 305 2618
3476,Dasi Jahner,djahner2z@people.com.cn,447 551 6877
3417,Barth Swafford,bswafford30@hugedomains.com,970 621 9171
3725,Cornela Fowden,cfowden31@icq.com,523 617 4085
3144,Dre Nicholl,dnicholl32@e-recht24.de,666 747 0690
3481,Jard Saltsberger,jsaltsberger33@ehow.com,499 557 0677
3402,Carmine Kneel,ckneel34@php.net,707 700 3892
3288,Mort MacMenamy,mmacmenamy35@facebook.com,362 271 7793
3478,Trueman Olver,tolver36@nydailynews.com,923 298 3025
3429,Shayla Bradshaw,sbradshaw37@skype.com,727 633 2491
3920,Stanwood Rolstone,srolstone38@hibu.com,250 504 6318
3456,Fleming Trevett,ftrevett39@icio.us,667 475 5666
3808,Willabella Gillaspy,wgillaspy3a@homestead.com,664 788 9016
3025,Gifford Glasheen,gglasheen3b@studiopress.com,185 495 2275
3407,Hobard Ranking,hranking3c@booking.com,714 920 5902
3511,Jervis Smeath,jsmeath3d@jalbum.net,346 391 3911
3907,Padriac Clarabut,pclarabut3e@weibo.com,864 407 9397
3449,Pammy Watkin,pwatkin3f@last.fm,522 162 3842
3168,Bernhard Beacham,bbeacham3g@bravesites.com,870 291 3474
3120,Rod McGerraghty,rmcgerraghty3h@smh.com.au,843 695 8081
3069,Onfre Slyman,oslyman3i@multiply.com,881 243 8726
3509,Stormy O'Mohun,somohun3j@vistaprint.com,128 648 6593
3510,Jodi Landeaux,jlandeaux3k@de.vu,451 856 0997
3539,Isiahi Solano,isolano3l@godaddy.com,575 199 6164
3088,Aundrea Stallibrass,astallibrass3m@list-manage.com,512 739 1581
3254,Carolina Poyle,cpoyle3n@telegraph.co.uk,635 205 8450
3641,Jakie Vondrak,jvondrak3o@pbs.org,629 281 5335
3018,Cyndy Herion,cherion3p@vkontakte.ru,862 421 5863
3077,Heath Bridgement,hbridgement3q@google.es,767 785 5655
3994,Allissa Nelle,anelle3r@miibeian.gov.cn,676 360 3435
3868,Cristin Carleman,ccarleman3s@1und1.de,561 830 6009
3263,Bone Manjin,bmanjin3t@guardian.co.uk,304 503 6030
3492,Reamonn Gosneye,rgosneye3u@blogs.com,611 874 9182
3376,Winni Bricket,wbricket3v@tripadvisor.com,357 844 8256
3654,Sile Mibourne,smibourne3w@cmu.edu,176 695 2041
3239,Melody Dillistone,mdillistone3x@1688.com,321 370 0498
3517,Paten Shakesby,pshakesby3y@nytimes.com,253 892 6429
3419,Arnie Boyd,aboyd3z@addthis.com,430 237 9678
3972,Valdemar Enoksson,venoksson40@hibu.com,788 388 7001
3980,Tyler Rahill,trahill41@examiner.com,912 410 9335
3982,Olia Hewell,ohewell42@slate.com,615 362 1777
3310,Zeb Mcwhinney,zmcwhinney43@amazon.de,585 637 0767
3829,Lissie Firth,lfirth44@linkedin.com,403 282 4864
3160,Sammy Ferney,sferney45@opera.com,260 855 5621
3735,Casper Fraser,cfraser46@wp.com,988 530 1059
3216,Dion Praton,dpraton47@soundcloud.com,547 764 4002
3813,Brittni Farnfield,bfarnfield48@zimbio.com,445 623 0706
3342,Daryl Gurney,dgurney49@issuu.com,123 795 8644
3965,Con Sabathier,csabathier4a@businesswire.com,499 926 4475
3635,Vicki Dockrell,vdockrell4b@chicagotribune.com,232 874 3705
3806,Mano Davidman,mdavidman4c@google.it,471 395 3841
3391,Audrie Tottle,atottle4d@csmonitor.com,573 441 9597
3417,Gillan Cussons,gcussons4e@surveymonkey.com,889 371 6085
3404,Burt Blainey,bblainey4f@arizona.edu,518 491 7926
3971,Tracy Manvell,tmanvell4g@businessweek.com,118 561 2981
3951,Bogey Aucott,baucott4h@netvibes.com,752 516 4475
3176,Tannie Vasiliu,tvasiliu4i@etsy.com,631 721 5749
3835,Vanni Semmens,vsemmens4j@statcounter.com,421 939 8465
3852,Francklyn Flaxman,fflaxman4k@sourceforge.net,698 375 1818
3643,Darnell Riatt,driatt4l@infoseek.co.jp,601 103 8476
3152,Friederike Hayball,fhayball4m@liveinternet.ru,304 520 2225
3200,Bartie Macvey,bmacvey4n@addthis.com,274 300 7032
3854,Joeann Sirmond,jsirmond4o@blogtalkradio.com,418 600 8938
3602,Jesse Ikins,jikins4p@a8.net,980 176 5218
3710,Lion Bartleman,lbartleman4q@blogger.com,213 579 3531
3447,Maighdiln Antoni,mantoni4r@oaic.gov.au,762 582 2993
3617,Waldon McLarnon,wmclarnon4s@diigo.com,573 214 0215
3125,Claire Duetsche,cduetsche4t@mysql.com,722 512 0794
3432,Tait Dungey,tdungey4u@amazon.co.jp,174 872 8104
3194,Eva Yakobowitz,eyakobowitz4v@freewebs.com,571 869 8529
3613,Nickey Eadmeads,neadmeads4w@fc2.com,695 751 6179
3046,Clemmy Dalzell,cdalzell4x@hc360.com,497 460 2957
3440,Charlton Land,cland4y@blogs.com,641 828 4209
3181,Berri Kingerby,bkingerby4z@whitehouse.gov,265 943 6382
3803,Aguste Bowness,abowness50@eventbrite.com,426 245 5887
3912,Miguela Fosdick,mfosdick51@google.pl,111 309 1494
3723,Teresina Spragge,tspragge52@goo.gl,901 245 4522
3024,Delmar Kiledal,dkiledal53@godaddy.com,672 709 2609
3564,Elicia Dinsell,edinsell54@csmonitor.com,572 297 5610
3836,Roch McDonagh,rmcdonagh55@amazon.co.jp,446 203 4079
3428,Arnold Pitway,apitway56@oaic.gov.au,931 309 9694
3544,Francesca Hunsworth,fhunsworth57@spotify.com,643 404 7894
3704,Dagny Swindall,dswindall58@ow.ly,828 970 5583
3062,Letizia Kemmett,lkemmett59@webnode.com,773 285 1213
3785,Fancie Pautot,fpautot5a@discuz.net,374 860 8836
3235,Barbara-anne Causier,bcausier5b@accuweather.com,351 447 8436
3642,Heda Ogan,hogan5c@studiopress.com,720 638 5993
3998,Daphna Gregorowicz,dgregorowicz5d@nba.com,397 442 7734
3290,Kinnie Kepe,kkepe5e@google.ca,938 181 6706
3576,Rosalyn Shervil,rshervil5f@sitemeter.com,279 853 7545
3157,Horatio Grimble,hgrimble5g@dyndns.org,999 511 3669
3641,Johnath Chastaing,jchastaing5h@bloomberg.com,580 597 1258
3810,Diarmid Rawlin,drawlin5i@csmonitor.com,418 426 0175
3688,Cyrille Quilleash,cquilleash5j@sphinn.com,307 256 2269
3030,Wilmette Aspinal,waspinal5k@latimes.com,411 733 0428
3484,Lillian Meach,lmeach5l@slideshare.net,663 348 2138
3363,Agnesse Abrahamovitz,aabrahamovitz5m@nps.gov,667 656 6972
3046,Montague Munsey,mmunsey5n@hao123.com,658 354 2421
3879,Nicola Drysdale,ndrysdale5o@jimdo.com,967 938 8863
3147,Urson Hince,uhince5p@china.com.cn,134 262 1336
3256,Dix Dunkerly,ddunkerly5q@ow.ly,328 220 8048
3455,Vance Nolan,vnolan5r@statcounter.com,496 543 8494
3115,Husein Shiel,hshiel5s@narod.ru,716 929 8427
3861,Babbie Spikins,bspikins5t@ft.com,814 849 0435
3313,Kim Cosser,kcosser5u@google.de,401 527 7869
3562,Brianne Jiri,bjiri5v@webeden.co.uk,383 473 5973
3811,Cariotta Lawlie,clawlie5w@whitehouse.gov,182 450 9709
3274,Mercy Sebborn,msebborn5x@hibu.com,801 562 5936
3685,Tallulah Colnet,tcolnet5y@tinypic.com,843 221 4697
3646,Perle Squirrel,psquirrel5z@miitbeian.gov.cn,111 399 9043
3617,Tristam Abramski,tabramski60@last.fm,528 374 1874
3624,Hesther Gipp,hgipp61@ustream.tv,574 900 1534
3316,Rogers Nannizzi,rnannizzi62@oracle.com,704 528 2524
3834,Wren Jays,wjays63@stanford.edu,776 592 1061
3070,Bev Gibbett,bgibbett64@tiny.cc,978 351 3919
3582,Ethel Vautre,evautre65@marketwatch.com,126 503 8839
3669,Pate Fierman,pfierman66@scribd.com,502 857 7669
3200,Geoff Ciric,gciric67@bloomberg.com,343 836 5467
3023,Hagen Messam,hmessam68@shareasale.com,543 531 9839
3148,Yank Cannam,ycannam69@amazon.de,483 253 8711
3268,Allyce Moncreiffe,amoncreiffe6a@telegraph.co.uk,631 726 1951
3633,Stephannie Ferrai,sferrai6b@yandex.ru,719 121 6801
3833,Pru Gretham,pgretham6c@newsvine.com,791 391 8391
3037,Nicol Hansbury,nhansbury6d@wisc.edu,472 942 2403
3316,Vevay Vargas,vvargas6e@sitemeter.com,853 167 6774
3291,Vivyanne Paice,vpaice6f@sogou.com,332 979 6012
3627,Vivienne Lemanu,vlemanu6g@reverbnation.com,976 482 1944
3621,Ali Baelde,abaelde6h@jigsy.com,233 353 2267
3491,Faun Shillington,fshillington6i@umich.edu,463 915 9708
3553,Didi Sneesby,dsneesby6j@theglobeandmail.com,421 241 2492
3506,Andrei Tenpenny,atenpenny6k@reuters.com,693 114 7417
3061,Gaynor Penwright,gpenwright6l@wunderground.com,431 594 9787
3330,Ediva Luno,eluno6m@blogs.com,172 415 9863
3562,Arnaldo Pearle,apearle6n@fotki.com,297 193 2306
3042,Cally Yaus,cyaus6o@plala.or.jp,999 824 6912
3958,Nelia Margrett,nmargrett6p@mediafire.com,146 269 3189
3821,Hyacinthia Breache,hbreache6q@salon.com,247 254 6444
3192,Shae Asker,sasker6r@bing.com,916 643 1210
3004,Barbara-anne Garie,bgarie6s@shop-pro.jp,949 688 4129
3266,Giselbert Dietzler,gdietzler6t@globo.com,482 550 9338
3267,Wait Laverack,wlaverack6u@rediff.com,124 547 4174
3608,Randie Horsey,rhorsey6v@goodreads.com,988 443 1380
3481,Clevie Hasely,chasely6w@dedecms.com,217 321 7591
3733,Dillie Chene,dchene6x@aol.com,717 722 3430
3558,Andrew Degan,adegan6y@histats.com,335 662 4886
3758,Carita MacLardie,cmaclardie6z@msn.com,728 471 4403
3754,Chloette Downer,cdowner70@hp.com,995 698 6937
3711,Misty Guidera,mguidera71@wordpress.org,153 756 8612
3514,Smitty Laneham,slaneham72@amazon.com,183 858 1566
3205,Samuel Westgarth,swestgarth73@prlog.org,376 485 0059
3361,Charlene Rogeon,crogeon74@ovh.net,829 222 3607
3718,Miriam Matura,mmatura75@nbcnews.com,449 308 3084
3254,Leta Whistlecroft,lwhistlecroft76@nba.com,749 860 8084
3639,Sophi Grono,sgrono77@furl.net,430 234 7608
3825,Willa Babbs,wbabbs78@xing.com,412 144 5166
3444,Bianka Garlant,bgarlant79@rakuten.co.jp,852 935 0559
3116,Carly Creedland,ccreedland7a@vinaora.com,603 402 6838
3200,Genna Short,gshort7b@themeforest.net,188 398 2158
3544,Merci Balsdon,mbalsdon7c@prweb.com,632 334 9120
3134,Xylina Kayzer,xkayzer7d@bravesites.com,865 946 9834
3230,Clark Wigmore,cwigmore7e@jugem.jp,159 421 4457
3663,Sybille Domico,sdomico7f@go.com,365 277 9308
3316,Phebe Spiers,pspiers7g@mozilla.org,190 676 5912
3135,Tresa Taplow,ttaplow7h@barnesandnoble.com,699 777 4687
3453,Nancey Hurling,nhurling7i@usda.gov,723 831 6886
3873,Duff Pettendrich,dpettendrich7j@jugem.jp,975 100 2131
3104,Christye Beaudry,cbeaudry7k@last.fm,432 714 2169
3670,Gabriello Nyles,gnyles7l@mayoclinic.com,963 500 3685
3620,Sioux Emmines,semmines7m@mtv.com,774 106 3683
3265,Willetta Sawter,wsawter7n@tinyurl.com,486 333 1353
3695,Raleigh Iczokvitz,riczokvitz7o@qq.com,855 612 2750
3597,Datha Lowde,dlowde7p@washington.edu,469 774 2025
3664,Giuditta Coltherd,gcoltherd7q@reference.com,775 228 4183
3681,Simmonds Symington,ssymington7r@wp.com,167 119 3801
3691,Abby Simpkin,asimpkin7s@a8.net,386 712 6089
3310,Allayne Geertje,ageertje7t@ucoz.com,498 585 2430
3834,Quincey Castanie,qcastanie7u@rediff.com,101 954 9880
3296,Orly Kelloch,okelloch7v@people.com.cn,360 841 0121
3363,Alick Duffy,aduffy7w@apple.com,996 250 7677
3705,Montgomery Cordet,mcordet7x@webs.com,299 740 7924
3005,Donnie Frean,dfrean7y@goo.gl,558 443 1978
3345,Lanna Colquhoun,lcolquhoun7z@microsoft.com,828 908 6643
3808,Estele Asser,easser80@psu.edu,742 460 7765
3907,Noella O'Rourke,norourke81@cmu.edu,429 937 7814
3125,Abeu Gant,agant82@jalbum.net,393 262 3777
3337,Radcliffe Taudevin,rtaudevin83@bloglovin.com,599 824 7599
3485,Lela Lucken,llucken84@google.ca,119 483 9041
3756,Hadria Champniss,hchampniss85@desdev.cn,522 201 2980
3400,Moselle Olivo,molivo86@exblog.jp,835 387 8979
3799,Ulysses Setchfield,usetchfield87@youtube.com,505 758 7381
3506,Crysta Hucklesby,chucklesby88@globo.com,820 566 7863
3238,Dory Kidd,dkidd89@usda.gov,517 453 6324
3831,Rebecca Ramble,rramble8a@gravatar.com,780 995 2980
3515,Tito Grivori,tgrivori8b@soundcloud.com,823 253 5079
3633,Dewitt Peachey,dpeachey8c@guardian.co.uk,292 628 5439
3756,Sherman Berdale,sberdale8d@theglobeandmail.com,731 493 1310
3118,Hogan De Fries,hde8e@networkadvertising.org,890 252 0841
3603,Eugenie Soares,esoares8f@dedecms.com,305 524 2727
3046,Nickolaus Balaizot,nbalaizot8g@dropbox.com,171 811 7038
3475,Tan Reely,treely8h@mozilla.com,361 357 7638
3936,Janka Dufer,jdufer8i@creativecommons.org,694 393 4434
3799,Halette Spittal,hspittal8j@gov.uk,299 319 5834
3069,Janene Budnk,jbudnk8k@jigsy.com,533 383 9552
3628,Juliette Harberer,jharberer8l@cbslocal.com,157 783 3831
3014,Eve Greswell,egreswell8m@tinypic.com,609 507 0726
3111,Kaela Binstead,kbinstead8n@lulu.com,323 181 9972
3980,Aloise Hugland,ahugland8o@sina.com.cn,651 127 4825
3283,Lucais De Mars,lde8p@wix.com,180 929 9697
3312,Donni Thorouggood,dthorouggood8q@arstechnica.com,389 223 5157
3622,Lalo Rait,lrait8r@hao123.com,710 383 4700
3355,Sebastian Trewin,strewin8s@prlog.org,523 846 7045
3064,Rozanne Dulwitch,rdulwitch8t@ed.gov,126 188 0806
3955,Krissie Scarsbrook,kscarsbrook8u@fastcompany.com,660 112 1770
3374,Karlotta Fabry,kfabry8v@usda.gov,873 676 5022
3544,Bobine Harman,bharman8w@europa.eu,889 190 5612
3421,Corabelle Keneforde,ckeneforde8x@dion.ne.jp,806 953 6646
3831,Chancey Fabbri,cfabbri8y@zimbio.com,281 267 3496
3896,Farrand Doerr,fdoerr8z@taobao.com,184 865 7105
3554,Angy Lorans,alorans90@rediff.com,950 797 7108
3519,Herve Noden,hnoden91@abc.net.au,776 401 8609
3789,Jean Tedman,jtedman92@ed.gov,939 218 6801
3679,Terrence Lashmar,tlashmar93@technorati.com,302 650 1669
3390,Dorita Scollard,dscollard94@bbc.co.uk,403 566 8859
3631,Bucky Betchley,bbetchley95@wikia.com,922 566 6437
3332,Ursuline Peasegood,upeasegood96@paypal.com,463 211 3478
3252,Laughton Hurrell,lhurrell97@blogtalkradio.com,518 811 0848
3197,Arty Picheford,apicheford98@bigcartel.com,156 193 6267
3598,Ofelia Martinovsky,omartinovsky99@seattletimes.com,872 146 8213
3315,Darbee Linster,dlinster9a@uol.com.br,835 337 9474
3675,Abbie Blasl,ablasl9b@privacy.gov.au,983 551 4003
3351,Moe McGillivray,mmcgillivray9c@time.com,206 227 0894
3681,Brandy Costelloe,bcostelloe9d@telegraph.co.uk,193 983 4003
3526,Elsy Matthensen,ematthensen9e@icq.com,429 166 5857
3155,Morena Milius,mmilius9f@cbsnews.com,616 796 7296
3627,Gweneth Baiss,gbaiss9g@java.com,232 669 1754
3048,Lexi Greenough,lgreenough9h@bing.com,949 602 4338
3263,Flora Arkwright,farkwright9i@tinypic.com,771 299 3989
3367,Roarke Logan,rlogan9j@bravesites.com,543 533 0209
3477,Tony Radley,tradley9k@marriott.com,562 945 3791
3878,Adolphus Mc Kellen,amc9l@parallels.com,216 101 3469
3633,Cara Artis,cartis9m@theguardian.com,872 413 9220
3243,Marinna Gerriets,mgerriets9n@deviantart.com,791 517 4825
3672,Zelma Ottewell,zottewell9o@fastcompany.com,586 943 6412
3864,Morlee Smy,msmy9p@java.com,580 327 5220
3347,Adelle Jurn,ajurn9q@state.gov,430 369 8264
3766,Yetta Espinel,yespinel9r@blog.com,202 229 2078
3088,Joella Breedy,jbreedy9s@woothemes.com,146 239 3476
3241,Kennie Gunning,kgunning9t@stumbleupon.com,827 382 8390
3040,Etienne Eveque,eeveque9u@cbslocal.com,332 999 5049
3820,Aylmer Bohl,abohl9v@simplemachines.org,842 757 3076
3529,Annabel Pickrill,apickrill9w@europa.eu,295 476 4883
3376,Alana Iverson,aiverson9x@harvard.edu,627 645 7310
3418,Gusty Harbinson,gharbinson9y@china.com.cn,437 561 8768
3214,Theobald Mallalieu,tmallalieu9z@google.fr,297 435 8337
3741,Starlene Dongles,sdonglesa0@senate.gov,911 736 3075
3217,Sheffy Verdey,sverdeya1@posterous.com,404 342 6461
3131,Pincas Lowis,plowisa2@comcast.net,875 264 7968
3085,Sada McGinley,smcginleya3@msn.com,640 844 3234
3578,Carmita Kyle,ckylea4@paypal.com,656 185 9288
3127,Olivie Older,ooldera5@dropbox.com,368 590 7732
3203,Constancy Spencelayh,cspencelayha6@csmonitor.com,183 471 0944
3300,Brittany Lavigne,blavignea7@histats.com,397 324 6646
3768,Cristabel Tussaine,ctussainea8@hugedomains.com,813 456 6694
4000,Kizzie Girton,kgirtona9@ft.com,302 166 4148
3395,Aube Barfield,abarfieldaa@japanpost.jp,910 384 3976
3481,Joelie Tiffin,jtiffinab@mac.com,407 442 4038
3101,Darline Flaune,dflauneac@wix.com,951 760 1574
3566,Janek Corroyer,jcorroyerad@statcounter.com,482 339 2281
3777,Corry Ebbing,cebbingae@bigcartel.com,571 755 6244
3962,Shanan Athersmith,sathersmithaf@seesaa.net,461 102 4672
3773,Arvin Jeffry,ajeffryag@hatena.ne.jp,255 903 6185
3495,Indira Cowderay,icowderayah@businessinsider.com,586 346 5455
3041,Carri Fadden,cfaddenai@howstuffworks.com,654 490 0449
3475,Durant Swynfen,dswynfenaj@posterous.com,813 430 6409
3344,Hortense Prene,hpreneak@bravesites.com,559 325 8843
3050,Andra Leeder,aleederal@tripadvisor.com,826 386 5904
3173,Parnell Rosellini,proselliniam@stumbleupon.com,957 673 0226
3022,Reina Gabbetis,rgabbetisan@cmu.edu,760 383 2030
3164,Annnora Seeger,aseegerao@imageshack.us,418 449 4025
3007,Jermaine Khilkov,jkhilkovap@hugedomains.com,340 648 0365
3781,Chantal Tillot,ctillotaq@digg.com,253 961 6656
3715,Dorthea Simoneau,dsimoneauar@aol.com,722 442 1734
3644,Alysia Guerreau,aguerreauas@nps.gov,455 761 4776
3022,Minni Bolingbroke,mbolingbrokeat@time.com,272 409 6825
3930,Tamarah Canelas,tcanelasau@redcross.org,131 102 2271
3093,Ulric Chesworth,uchesworthav@uol.com.br,455 845 9491
3902,Netti Fleg,nflegaw@washingtonpost.com,173 165 8263
3240,Daniele Chawkley,dchawkleyax@whitehouse.gov,805 865 1455
3992,Krystal Silvers,ksilversay@ow.ly,167 296 3148
3677,Isahella Sevitt,isevittaz@mlb.com,574 767 5077
3199,Milka Tadman,mtadmanb0@ucla.edu,252 140 4931
3128,Aksel Korba,akorbab1@pcworld.com,657 356 1636
3061,Oliviero Philippon,ophilipponb2@squarespace.com,722 412 9373
3068,Mariam Widdall,mwiddallb3@hibu.com,787 578 1710
3426,Thaine Tomlins,ttomlinsb4@amazon.de,647 413 6834
3576,Beniamino Sherrett,bsherrettb5@joomla.org,814 168 3831
3853,Waring Beringer,wberingerb6@oakley.com,795 357 9688
3597,Nanon Phillipp,nphillippb7@buzzfeed.com,635 314 4435
3313,Rubia Sjollema,rsjollemab8@i2i.jp,517 918 0932
3436,Chloe Poor,cpoorb9@naver.com,365 506 2819
3775,Vincenz Dabling,vdablingba@economist.com,644 983 0734
3510,Tandie Apedaile,tapedailebb@archive.org,352 244 4280
3659,Jake Windley,jwindleybc@a8.net,127 819 2883
3436,Rochell Cossam,rcossambd@pcworld.com,328 175 2115
3730,Cheslie Say,csaybe@usnews.com,141 723 1385
3781,Joella Songer,jsongerbf@google.ca,976 268 7124
3112,Staford Falconer,sfalconerbg@geocities.com,668 608 6556
3041,Rooney Woolger,rwoolgerbh@facebook.com,686 100 3092
3940,Frank Sawell,fsawellbi@ask.com,170 220 5537
3638,Ibby Kearns,ikearnsbj@china.com.cn,708 543 7998
3199,Jackie Storm,jstormbk@yandex.ru,671 939 3777
3758,Emili Schafer,eschaferbl@ucla.edu,319 188 7782
3492,Dagmar McCallum,dmccallumbm@sourceforge.net,390 953 4772
3286,Frederic Syder,fsyderbn@chicagotribune.com,469 484 2040
3319,Juline Kenryd,jkenrydbo@hc360.com,716 596 4577
3797,Horten Lethebridge,hlethebridgebp@yandex.ru,894 976 1871
3494,Wallache Ivic,wivicbq@symantec.com,803 979 1031
3473,Katheryn Smye,ksmyebr@imageshack.us,297 400 4799
3632,Patrick Eyer,peyerbs@cafepress.com,699 664 8234
3509,Gearalt Yell,gyellbt@columbia.edu,960 505 4822
3118,Charmion Lamplugh,clamplughbu@google.fr,113 456 2398
3359,Fidelia Syvret,fsyvretbv@pen.io,484 383 3464
3298,Jacky Tidball,jtidballbw@livejournal.com,494 901 5471
3714,Andros Renols,arenolsbx@google.fr,511 462 7299
3904,Rick Lott,rlottby@a8.net,939 911 8593
3788,Natty Peyro,npeyrobz@shop-pro.jp,214 571 1412
3773,Mommy Peploe,mpeploec0@ox.ac.uk,380 175 3685
3249,Romona Gurney,rgurneyc1@is.gd,877 458 7179
3643,Gabriel Rosettini,grosettinic2@seattletimes.com,979 616 5608
3260,Shayne Craythorn,scraythornc3@chicagotribune.com,330 395 0715
3691,Rochette Beatty,rbeattyc4@google.co.jp,447 685 0137
3852,Aubine Sheaf,asheafc5@senate.gov,631 746 7188
3326,Marice Minor,mminorc6@google.de,439 599 0203
3288,Laurie Whiteley,lwhiteleyc7@omniture.com,605 386 2381
3368,Jerry Heale,jhealec8@squarespace.com,254 982 8378
3105,Arabela Alanbrooke,aalanbrookec9@businessweek.com,715 984 7015
3905,Louis Craxford,lcraxfordca@miitbeian.gov.cn,594 461 9437
3225,Paloma Downham,pdownhamcb@wufoo.com,432 591 2340
3222,Niels Brellin,nbrellincc@xinhuanet.com,925 424 0711
3488,Charlotta Stockman,cstockmancd@google.co.jp,373 200 6099
3652,Nessa Furmenger,nfurmengerce@vk.com,357 553 2021
3138,Cassandre Langcaster,clangcastercf@netvibes.com,828 728 6238
3768,Georgeanna Rosettini,grosettinicg@people.com.cn,546 766 7792
3335,Maris Jossum,mjossumch@spiegel.de,677 136 1883
3791,Davina Tailby,dtailbyci@issuu.com,718 634 9675
3184,Noby McMillan,nmcmillancj@parallels.com,859 973 2958
3292,Risa Brewerton,rbrewertonck@wikia.com,678 680 8046
3152,Teddy Rodders,trodderscl@va.gov,451 513 5444
3380,Pace Minett,pminettcm@sfgate.com,417 859 2008
3003,Jilly Prozillo,jprozillocn@dedecms.com,762 688 7511
3984,Sheba Kettleson,skettlesonco@reverbnation.com,795 215 0256
3313,Cati Khoter,ckhotercp@flickr.com,301 578 2610
3705,Jared Lowne,jlownecq@ihg.com,163 407 0544
3294,Jenna Collyer,jcollyercr@dailymotion.com,365 429 1988
3732,Alexio Haysar,ahaysarcs@china.com.cn,984 584 9687
3254,Grissel Josskoviz,gjosskovizct@discuz.net,179 859 9987
3213,Venita Dominighi,vdominighicu@geocities.com,811 671 9460
3841,Abbye Hallede,ahalledecv@w3.org,503 469 7175
3654,Felipa Ketcher,fketchercw@theglobeandmail.com,222 179 2630
3408,Ash Chevolleau,achevolleaucx@economist.com,545 573 5042
3665,Adiana Venning,avenningcy@tamu.edu,942 199 6591
3407,Hercules Torald,htoraldcz@people.com.cn,950 909 8197
3924,Ezra Cometson,ecometsond0@ibm.com,561 432 2692
3778,Rickie Lenton,rlentond1@ustream.tv,828 943 5691
3050,Raff Fleming,rflemingd2@economist.com,773 229 3532
3875,Delora Naulls,dnaullsd3@businessinsider.com,691 827 8971
3450,Arlette Nasey,anaseyd4@jigsy.com,737 118 8203
3379,Shaylyn Troillet,stroilletd5@altervista.org,304 746 8447
3778,Mischa Huetson,mhuetsond6@mediafire.com,536 627 6611
3224,Karlee Bartlet,kbartletd7@census.gov,931 159 9586
3612,Caprice Badgers,cbadgersd8@dyndns.org,740 809 6172
3698,Salaidh Keaton,skeatond9@wufoo.com,727 344 7346
3490,Germain Kasbye,gkasbyeda@discuz.net,213 697 2807
3952,Melony Gerault,mgeraultdb@privacy.gov.au,338 146 0894
3604,Kaye Gawke,kgawkedc@purevolume.com,707 140 2453
3197,Clara Skotcher,cskotcherdd@virginia.edu,450 240 7920
3546,Chrotoem Tynewell,ctynewellde@imageshack.us,136 905 6714
3339,Traver Earey,teareydf@washington.edu,772 305 5246
3903,Nappy Scopham,nscophamdg@nbcnews.com,169 788 6949
3811,Leena Robjohns,lrobjohnsdh@networkadvertising.org,874 443 2307
3907,Sonnnie Olligan,solligandi@icio.us,101 537 6397
3931,Jeanelle Coram,jcoramdj@live.com,752 686 7909
3798,Anders Selley,aselleydk@house.gov,689 534 3041
3106,Ertha Cashman,ecashmandl@flavors.me,441 702 6686
3604,Maudie Sidaway,msidawaydm@smh.com.au,322 113 8750
3875,Skell Leel,sleeldn@nytimes.com,958 353 2292
3609,Haven Lindbergh,hlindberghdo@mozilla.org,513 483 1428
3742,Mellicent Vedmore,mvedmoredp@yale.edu,151 298 7686
3478,Flemming Franklyn,ffranklyndq@ucsd.edu,134 365 3373
3181,Cherlyn Sparrow,csparrowdr@cnet.com,420 501 0622
3156,Gregoire Boissieux,gboissieuxds@jalbum.net,542 359 0989
3817,Isobel Stacy,istacydt@furl.net,113 652 8280
3478,Correy Huleatt,chuleattdu@a8.net,292 423 2146
3888,Welsh Sallier,wsallierdv@gizmodo.com,156 665 0957
3215,Mead Dows,mdowsdw@angelfire.com,398 113 3622
3715,Rosalia Edgell,redgelldx@themeforest.net,737 399 2256
3186,Louie Kernell,lkernelldy@github.com,561 755 9930
3222,Rancell Oddey,roddeydz@apple.com,819 261 2051
3781,Almeda Fray,afraye0@mit.edu,211 153 2870
3016,Donielle Edgler,dedglere1@wikipedia.org,285 716 7289
3099,Jackelyn Wickwar,jwickware2@illinois.edu,521 415 7309
3507,Meredithe Verring,mverringe3@house.gov,787 849 0906
3296,Octavius McGenis,omcgenise4@blogger.com,545 681 3140
3255,Hamlin Compfort,hcompforte5@addthis.com,543 838 3528
3003,Darn Moyler,dmoylere6@earthlink.net,142 449 5586
3671,Aimil Fearnyhough,afearnyhoughe7@digg.com,905 787 9233
3610,Mord Paoletti,mpaolettie8@tumblr.com,380 627 2643
3748,Catie Keizman,ckeizmane9@harvard.edu,907 573 5128
3236,Evyn Lyfield,elyfieldea@drupal.org,955 974 2517
3826,Bonnie Evreux,bevreuxeb@tinypic.com,821 516 6925
3953,Alica Forsdicke,aforsdickeec@joomla.org,182 680 8831
3968,Jacintha Bootherstone,jbootherstoneed@feedburner.com,584 450 0100
3769,Paula Maffy,pmaffyee@newsvine.com,369 761 7130
3126,Tasha Trolley,ttrolleyef@acquirethisname.com,952 857 8716
3040,Whitman Sergeaunt,wsergeaunteg@is.gd,415 248 7004
3444,Laryssa Ellicott,lellicotteh@fc2.com,246 632 1775
3962,Verge Harston,vharstonei@posterous.com,708 949 0480
3193,Crin McGibbon,cmcgibbonej@va.gov,331 195 5439
3549,Gus Midson,gmidsonek@cyberchimps.com,266 689 3379
3802,Sinclair McKennan,smckennanel@ocn.ne.jp,662 665 6003
3548,Jasper Gounin,jgouninem@bravesites.com,228 235 0016
3502,Eugine Galtone,egaltoneen@jiathis.com,743 564 2632
3395,Catlee Neeve,cneeveeo@google.com.br,617 695 9467
3244,Bentlee Burleigh,bburleighep@europa.eu,160 399 4496
3517,Neron Harrie,nharrieeq@tuttocitta.it,201 759 3784
3484,Humbert Dixie,hdixieer@miibeian.gov.cn,213 322 6463
3804,Julita Bourcq,jbourcqes@microsoft.com,581 442 9705
3455,Kevyn Beggin,kbegginet@ted.com,817 280 8746
3661,Golda Bartolini,gbartolinieu@si.edu,888 913 9349
3390,Timmi Minchindon,tminchindonev@techcrunch.com,476 687 1311
3928,Ruthanne Waters,rwatersew@mail.ru,929 245 4591
3998,Cross Laughlan,claughlanex@reuters.com,953 666 6762
3614,Rolfe Kubczak,rkubczakey@gizmodo.com,811 429 1183
3825,Stephie Laidlow,slaidlowez@qq.com,704 320 1029
3717,Gabie Covotti,gcovottif0@elpais.com,221 695 4614
3726,Bernie Figiovanni,bfigiovannif1@jigsy.com,888 637 6047
3630,Gipsy Maybery,gmayberyf2@dot.gov,720 353 5991
3822,Ellerey Quarterman,equartermanf3@loc.gov,692 144 6504
3761,Nicoli Havoc,nhavocf4@geocities.jp,538 906 8852
3866,Esteban Hartil,ehartilf5@lycos.com,294 737 8454
3704,Bettine Elsy,belsyf6@smugmug.com,102 935 5448
3933,Mord Cuschieri,mcuschierif7@zimbio.com,462 117 9595
3230,Tann Grahlman,tgrahlmanf8@thetimes.co.uk,829 326 9783
3235,Gretchen Penburton,gpenburtonf9@unesco.org,925 619 7628
3079,Duky Gyurkovics,dgyurkovicsfa@xing.com,437 105 0025
3643,Lanae Leppingwell,lleppingwellfb@elegantthemes.com,672 154 4771
3243,Tine Richardet,trichardetfc@prlog.org,480 231 9403
3923,Nada Caslin,ncaslinfd@miibeian.gov.cn,128 281 4695
3138,Alfred Duncanson,aduncansonfe@ucla.edu,139 630 2926
3237,Auria Kenrick,akenrickff@umn.edu,163 480 9579
3213,Breena Ledes,bledesfg@google.com.au,451 743 2106
3090,Damon Milburne,dmilburnefh@cpanel.net,576 455 9053
3763,Laughton Burril,lburrilfi@ameblo.jp,470 772 7737
3414,Aldus Botterill,abotterillfj@ca.gov,913 114 1962
3855,Penny Bodycomb,pbodycombfk@adobe.com,120 199 0501
3321,Etta Dealy,edealyfl@sourceforge.net,252 685 7263
3821,Mignon Powell,mpowellfm@nsw.gov.au,562 536 6838
3003,Hersch Harrowell,hharrowellfn@smh.com.au,937 508 3778
3793,Joey Jiruch,jjiruchfo@about.me,204 690 8817
3914,Mina Martland,mmartlandfp@cdc.gov,718 908 9067
3349,Celestia Falshaw,cfalshawfq@businessinsider.com,399 456 6484
3944,Andeee Lampaert,alampaertfr@networksolutions.com,512 757 5820
3866,Faydra Rhodef,frhodeffs@pbs.org,542 192 7342
3124,Halie Binner,hbinnerft@mapquest.com,989 191 1770
3097,Kathleen Brunton,kbruntonfu@hhs.gov,590 995 7336
3166,Ofella Whiterod,owhiterodfv@boston.com,806 794 6117
3081,Chevalier Brodhead,cbrodheadfw@nydailynews.com,958 141 8826
3520,Rudiger Penketh,rpenkethfx@parallels.com,546 259 3136
3442,Harman Yo,hyofy@ning.com,793 671 5719
3926,Clare Chrystal,cchrystalfz@jigsy.com,149 933 9400
3074,Nelia Robeson,nrobesong0@cyberchimps.com,789 376 8550
3350,Elwyn Scarrott,escarrottg1@ca.gov,119 714 0312
3987,Pembroke Leyburn,pleyburng2@chronoengine.com,611 737 1370
3061,Laurie Matyatin,lmatyating3@ameblo.jp,232 428 2762
3120,Lavinia Cobleigh,lcobleighg4@unicef.org,616 784 5192
3035,Tiffie Mervyn,tmervyng5@vkontakte.ru,670 523 7682
3420,Gustavus Starford,gstarfordg6@pcworld.com,129 974 0504
3694,Kaitlyn Teck,kteckg7@time.com,413 250 6409
3192,Emmey Top,etopg8@fotki.com,885 973 8583
3845,Karleen Lawfull,klawfullg9@patch.com,756 267 3858
3870,Gusti Raynham,graynhamga@sciencedaily.com,135 506 4735
3610,Catherine Ronnay,cronnaygb@house.gov,804 829 9994
3332,Victoir Burchfield,vburchfieldgc@jalbum.net,820 745 0902
3960,Giavani Vassman,gvassmangd@diigo.com,867 236 7070
3008,Minda Lindsay,mlindsayge@mlb.com,189 870 2073
3338,Timi Lewnden,tlewndengf@multiply.com,573 512 6081
3710,Marisa Ney,mneygg@ed.gov,942 808 3268
3238,Ulberto Scrivinor,uscrivinorgh@bloglovin.com,947 920 5138
3122,Theodosia Gilfether,tgilfethergi@example.com,988 596 0122
3302,Lottie Winslet,lwinsletgj@jugem.jp,958 221 8572
3145,Sollie Tisor,stisorgk@163.com,952 552 6323
3111,Addy Scrase,ascrasegl@qq.com,669 537 1004
3866,Catherine Pelos,cpelosgm@woothemes.com,865 216 4711
3914,Lars Doxsey,ldoxseygn@boston.com,203 188 2541
3914,Cristobal Hexum,chexumgo@ucoz.com,865 144 2829
3347,Maybelle Grigoriscu,mgrigoriscugp@joomla.org,811 838 6072
3270,Pru Behne,pbehnegq@princeton.edu,617 993 9107
3904,Sherwin Dunguy,sdunguygr@deliciousdays.com,961 102 7732
3072,Greg Allbones,gallbonesgs@yellowpages.com,836 705 3252
3803,Milly Fursey,mfurseygt@xing.com,374 378 4842
3258,Camel Bazely,cbazelygu@edublogs.org,354 102 4158
3964,Hilliard Somner,hsomnergv@weebly.com,833 996 4015
3332,Boris Mixture,bmixturegw@vkontakte.ru,619 159 2272
3864,Nettie Gillum,ngillumgx@senate.gov,796 729 5237
3844,Umberto Waistall,uwaistallgy@wunderground.com,307 482 5448
3224,Guglielmo Reedick,greedickgz@geocities.jp,436 847 3041
3146,Germain Bamforth,gbamforthh0@princeton.edu,396 860 3392
3332,Gladi Kidde,gkiddeh1@mozilla.org,120 947 3438
3998,Elianora Poncet,eponceth2@cafepress.com,647 932 1999
3348,Goldia Cosgrive,gcosgriveh3@europa.eu,376 620 4243
3412,Corinne Portt,cportth4@taobao.com,931 564 3131
3829,Leila Rawsthorn,lrawsthornh5@freewebs.com,872 542 4586
3457,Andie Collidge,acollidgeh6@china.com.cn,888 629 4294
3139,Kennie Twohig,ktwohigh7@etsy.com,763 562 2540
3104,Durant Mewe,dmeweh8@vinaora.com,376 314 6255
3482,Egon Berthe,ebertheh9@nbcnews.com,658 490 5419
3662,Ryun Reinisch,rreinischha@alexa.com,696 634 7123
3010,Linus Bickerdike,lbickerdikehb@networksolutions.com,679 990 2747
3907,Edwina Bell,ebellhc@scribd.com,407 691 4265
3614,Evie McGawn,emcgawnhd@devhub.com,864 275 9023
3875,Ketty Grishinov,kgrishinovhe@github.com,143 325 2068
3785,Katina Derrett,kderretthf@sitemeter.com,315 164 4197
3898,Feliks Bexley,fbexleyhg@geocities.com,151 410 2993
3164,Misha Diplock,mdiplockhh@bloglines.com,232 937 0387
3017,Mack Middup,mmidduphi@networksolutions.com,908 848 5239
3769,Tarah Hamp,thamphj@hp.com,939 507 3711
3019,Sharl Itzchaky,sitzchakyhk@shareasale.com,571 824 8594
3726,Sax Slimmon,sslimmonhl@bandcamp.com,660 499 1580
3924,Marsh Halfhyde,mhalfhydehm@is.gd,184 581 3017
3418,Rae Brymham,rbrymhamhn@chron.com,179 233 6689
3150,George Lymer,glymerho@loc.gov,262 939 9476
3679,Haley Stibbs,hstibbshp@redcross.org,550 112 1806
3724,Gisele Haquin,ghaquinhq@earthlink.net,139 555 2053
3204,Leyla Stollenbecker,lstollenbeckerhr@upenn.edu,696 308 4617
3073,Cariotta Levett,clevetths@last.fm,103 121 1816
3233,Arnoldo Staddart,astaddartht@msu.edu,516 980 8985
3642,Quincey Ness,qnesshu@time.com,842 226 3936
3414,Jessy Trenbey,jtrenbeyhv@hibu.com,659 325 6102
3472,Wenona Sollis,wsollishw@thetimes.co.uk,898 556 1091
3279,Kerry Matessian,kmatessianhx@webmd.com,246 887 7777
3174,Matty Pratchett,mpratchetthy@mail.ru,309 535 2101
3861,Jennifer Walkinshaw,jwalkinshawhz@odnoklassniki.ru,553 938 8749
3348,Silvain Mila,smilai0@bravesites.com,209 572 9781
3154,Kristal Lodeke,klodekei1@123-reg.co.uk,520 631 3975
3285,Olga MacMickan,omacmickani2@storify.com,657 190 6939
3902,Janet Nuccii,jnucciii3@mozilla.org,232 258 5176
3673,Elfrieda MacFie,emacfiei4@hubpages.com,518 818 8575
3168,Isak Edlyne,iedlynei5@time.com,712 471 1152
3729,Hardy Ansley,hansleyi6@army.mil,581 635 4645
3029,Ella Deluze,edeluzei7@cloudflare.com,723 462 1486
3069,Tremaine Alvy,talvyi8@yale.edu,990 695 2125
3877,Florie Nyles,fnylesi9@irs.gov,266 669 2417
3102,Beniamino Songest,bsongestia@dyndns.org,419 211 1100
3707,Kessiah Jacmard,kjacmardib@boston.com,757 381 7506
3386,Phillie Gilbert,pgilbertic@time.com,594 704 9482
3362,Wenonah Sket,wsketid@pen.io,177 191 6217
3658,Marti Smaleman,msmalemanie@dell.com,130 129 0587
3856,Vickie Rook,vrookif@nps.gov,914 741 1196
3835,Kenton Wartonby,kwartonbyig@prnewswire.com,386 992 2331
3001,Jandy Edwin,jedwinih@arstechnica.com,570 544 7617
3128,Kelsi Poser,kposerii@wikispaces.com,603 531 0709
3518,Harmon Mosco,hmoscoij@gmpg.org,183 825 8907
3618,Loy Dyke,ldykeik@dell.com,736 588 2684
3722,Nadia Barltrop,nbarltropil@gov.uk,239 921 1498
3735,Marten Guiducci,mguiducciim@home.pl,264 623 4042
3676,Vladimir Normanton,vnormantonin@elegantthemes.com,935 434 8571
3844,Ellwood Giovannoni,egiovannoniio@va.gov,812 808 4458
3382,Millard Genn,mgennip@weebly.com,987 144 7015
3476,Packston Bolsteridge,pbolsteridgeiq@mayoclinic.com,319 504 1495
3232,Gusella Twinbourne,gtwinbourneir@hp.com,599 772 8295
3055,Gregory Caskey,gcaskeyis@fastcompany.com,176 761 1985
3539,Robbie Chalice,rchaliceit@spiegel.de,963 169 2048
3704,Meggy Winny,mwinnyiu@simplemachines.org,829 400 9106
3407,Lynea Halfacree,lhalfacreeiv@tiny.cc,272 577 3815
3999,Dorice Gorey,dgoreyiw@amazonaws.com,462 789 0747
3940,Nester Sallier,nsallierix@dailymotion.com,148 198 3650
3349,Sancho MacGeaney,smacgeaneyiy@joomla.org,783 230 8142
3053,Lib Broodes,lbroodesiz@technorati.com,715 232 6914
3014,Uriel Josephoff,ujosephoffj0@blog.com,270 803 3326
3417,Jill Streets,jstreetsj1@newyorker.com,201 676 7018
3602,Cazzie Rickasse,crickassej2@google.co.jp,163 632 0492
3543,Harriot Pavel,hpavelj3@whitehouse.gov,920 265 8208
3331,Annadiana Groven,agrovenj4@cisco.com,755 163 2239
3802,Alejandrina Sear,asearj5@mediafire.com,415 406 1778
3527,Electra Astell,eastellj6@live.com,508 358 4474
3958,Layney Ascraft,lascraftj7@salon.com,830 618 2617
3138,Richmound Howells,rhowellsj8@gizmodo.com,674 133 2528
3025,Jane Elverstone,jelverstonej9@symantec.com,249 635 5934
3731,Menard Allner,mallnerja@over-blog.com,759 764 8566
3370,Cathy Scouler,cscoulerjb@china.com.cn,392 295 4259
3244,Agnella Stanex,astanexjc@list-manage.com,238 938 8320
3212,Cordelie Grandin,cgrandinjd@google.es,486 993 9337
3206,Alyson Hairsine,ahairsineje@twitter.com,815 487 7766
3781,Clarance Piechnik,cpiechnikjf@cbsnews.com,201 624 6829
3836,Fielding Mallabund,fmallabundjg@timesonline.co.uk,860 349 9060
3413,Robb Leebetter,rleebetterjh@dagondesign.com,200 732 7181
3611,Agosto Greenall,agreenallji@discuz.net,841 316 4094
3322,Randie Trevaskus,rtrevaskusjj@wikimedia.org,672 371 4370
3293,Verne Sorro,vsorrojk@google.co.jp,491 752 6534
3002,Gaultiero Trinke,gtrinkejl@mediafire.com,246 535 2596
3739,Kerri Grabiec,kgrabiecjm@vinaora.com,293 183 6393
3586,Meridel Mayhead,mmayheadjn@imageshack.us,435 750 1687
3176,Dore Hardcastle,dhardcastlejo@economist.com,917 415 1423
3628,Neale La Grange,nlajp@github.com,117 791 5425
3063,Wake Slaney,wslaneyjq@berkeley.edu,732 698 8556
3474,Lu Albisser,lalbisserjr@webmd.com,742 891 3989
3651,Vilhelmina Mayler,vmaylerjs@google.fr,349 645 9331
3040,Lenna Blazeby,lblazebyjt@abc.net.au,779 473 5318
3287,Meg Hadwick,mhadwickju@wunderground.com,959 625 1404
3832,Madlin Ivashinnikov,mivashinnikovjv@columbia.edu,898 258 7176
3752,Sully Barns,sbarnsjw@com.com,528 496 0667
3867,Alicia Hoston,ahostonjx@wikipedia.org,657 888 2347
3003,Lanie Foye,lfoyejy@weather.com,318 711 7539
3831,Alden Heffron,aheffronjz@seattletimes.com,869 900 4539
3855,Siward Songhurst,ssonghurstk0@ehow.com,434 907 2408
3309,Coleen Wollacott,cwollacottk1@mapy.cz,547 877 9307
3851,Wally Halliburton,whalliburtonk2@ehow.com,949 578 6609
3345,Kayne Burmaster,kburmasterk3@mediafire.com,187 850 8012
3417,Haroun Saket,hsaketk4@jimdo.com,599 184 1666
3518,Valentine Simenot,vsimenotk5@t.co,708 850 2817
3978,Sam Edgson,sedgsonk6@w3.org,838 379 7672
3163,Loni Benson,lbensonk7@springer.com,109 180 4396
3687,Aurel Dunster,adunsterk8@biglobe.ne.jp,864 943 4779
3605,Oliy Beasley,obeasleyk9@amazon.com,324 747 7291
3367,Olivie Barkworth,obarkworthka@typepad.com,768 933 4491
3680,Benji Smy,bsmykb@jigsy.com,634 215 0133
3754,Pippy Ruffle,prufflekc@china.com.cn,346 575 4434
3884,Bear Koenraad,bkoenraadkd@sciencedaily.com,510 844 7380
3049,Gianina MacConnal,gmacconnalke@oracle.com,656 524 1424
3564,Ermentrude McNeill,emcneillkf@reuters.com,560 440 3169
3282,Marcie Dighton,mdightonkg@epa.gov,576 582 8173
3745,Cyril Hammersley,chammersleykh@vistaprint.com,811 976 2694
3373,Gelya Kettleson,gkettlesonki@usnews.com,649 289 2110
3849,Braden Kleimt,bkleimtkj@cnet.com,321 875 5172
3253,Lani Lucian,lluciankk@businesswire.com,395 112 5727
3329,Petronille Bosden,pbosdenkl@cbsnews.com,315 881 4302
3948,Guglielmo McPhilemy,gmcphilemykm@flavors.me,609 884 5319
3327,Darell Slarke,dslarkekn@tuttocitta.it,252 604 6289
3679,Tedda Butterfield,tbutterfieldko@newyorker.com,911 358 7130
3783,Corry Dutch,cdutchkp@berkeley.edu,712 182 8357
3376,Tersina Veque,tvequekq@webeden.co.uk,648 244 4310
3937,Clemmy Lacy,clacykr@stumbleupon.com,921 336 1362
3196,Gilly Kellie,gkellieks@quantcast.com,787 915 4834
3338,Inigo Drivers,idriverskt@elpais.com,769 215 7697
3261,Tallia Gehrtz,tgehrtzku@gov.uk,941 220 4632
3325,Frannie Wakes,fwakeskv@goo.ne.jp,433 275 0912
3221,Mord Calderbank,mcalderbankkw@bbb.org,534 682 4398
3840,Gunar Curr,gcurrkx@tiny.cc,397 935 5946
3533,Gayel Grewcock,ggrewcockky@ted.com,891 153 9376
3114,Vale Mussotti,vmussottikz@printfriendly.com,915 487 5732
3474,Erin Manuelli,emanuellil0@howstuffworks.com,280 189 5035
3421,Zolly Kears,zkearsl1@paginegialle.it,177 266 5722
3098,Raymund MacCaig,rmaccaigl2@1688.com,649 574 3677
3628,Killy Chesney,kchesneyl3@census.gov,570 372 3778
3325,Jameson Peasey,jpeaseyl4@yolasite.com,303 548 1934
3778,Stacee Spillard,sspillardl5@smh.com.au,459 509 9094
3858,Ardis Spaule,aspaulel6@unc.edu,879 461 3551
3780,Walden Stoving,wstovingl7@washington.edu,339 774 6095
3731,Chan Ruggieri,cruggieril8@google.com,664 355 6931
3479,Ramsey Muckloe,rmuckloel9@goodreads.com,360 647 4970
3979,Ellene Pickover,epickoverla@e-recht24.de,166 496 3806
3817,Thedrick Dagnan,tdagnanlb@omniture.com,943 954 7510
3815,Dionysus Hinstridge,dhinstridgelc@about.com,723 491 7483
3267,Marcos Tomczak,mtomczakld@bravesites.com,884 826 2509
3852,Carena Carnaman,ccarnamanle@yandex.ru,177 306 1320
3376,Gib Hellwich,ghellwichlf@lulu.com,633 170 9617
3445,Eolande Southorn,esouthornlg@prnewswire.com,564 798 1275
3635,Mag Duthie,mduthielh@indiatimes.com,765 804 8478
3844,Ingeborg Buche,ibucheli@telegraph.co.uk,433 688 1103
3434,Candice Slate,cslatelj@unc.edu,825 833 0275
3198,Letta McLaggan,lmclagganlk@slate.com,111 370 0060
3154,Ingmar Rolston,irolstonll@examiner.com,498 820 2743
3440,Raffarty Grishakin,rgrishakinlm@noaa.gov,838 351 3106
3633,Lillian Whitington,lwhitingtonln@wp.com,523 647 0597
3463,Bettina Lawling,blawlinglo@loc.gov,452 814 2157
3652,Morgun Keneforde,mkenefordelp@bloglovin.com,477 573 1504
3373,Koren Neiland,kneilandlq@meetup.com,462 444 2685
3976,Leora Lishmund,llishmundlr@ocn.ne.jp,633 763 1602
3796,Hillier Axcell,haxcellls@nytimes.com,484 626 4369
3673,Darryl Reaper,dreaperlt@naver.com,891 654 4427
3412,Rustie Bourner,rbournerlu@jimdo.com,957 742 3284
3992,Kristi Dimsdale,kdimsdalelv@dell.com,158 528 7396
3896,Margaux Kleinmintz,mkleinmintzlw@pcworld.com,328 495 4257
3503,Sharleen Sloper,ssloperlx@bloglines.com,579 518 0290
3862,Zenia Lage,zlagely@deliciousdays.com,498 932 1934
3527,Steven Hardisty,shardistylz@slashdot.org,884 465 6698
3899,Jacquie Radnedge,jradnedgem0@marketwatch.com,969 418 5880
3367,Marla Carette,mcarettem1@sun.com,296 424 9011
3378,Cassi Blodget,cblodgetm2@google.com.br,394 661 1554
3559,Sybilla Malham,smalhamm3@gravatar.com,235 243 4850
3175,Cary Lyptratt,clyptrattm4@feedburner.com,732 161 9965
3095,Ford Davidek,fdavidekm5@vkontakte.ru,162 836 9275
3593,Brigitte Congdon,bcongdonm6@cornell.edu,928 368 8982
3653,Kathye Mayte,kmaytem7@shareasale.com,981 525 2023
3283,Scottie Brass,sbrassm8@123-reg.co.uk,671 441 7638
3879,Sybil Portress,sportressm9@cbc.ca,946 476 5100
3796,Dudley Horley,dhorleyma@virginia.edu,858 385 4719
3972,Mersey Kenealy,mkenealymb@etsy.com,418 814 6710
3146,Anissa McGillivray,amcgillivraymc@freewebs.com,599 889 6586
3024,Tobi Ludmann,tludmannmd@ovh.net,807 876 9746
3410,Effie Sertin,esertinme@jimdo.com,241 646 7247
3528,Janice Slad,jsladmf@booking.com,192 641 9995
3446,Janice Coffelt,jcoffeltmg@jimdo.com,758 223 8948
3995,Dewain Peterkin,dpeterkinmh@utexas.edu,752 941 0421
3914,Jacqueline Ireland,jirelandmi@chicagotribune.com,489 726 5371
3047,Aymer Emmanuel,aemmanuelmj@weather.com,524 149 9917
3109,Francesco Shovelin,fshovelinmk@pinterest.com,560 909 2663
3329,Kamila Oaker,koakerml@techcrunch.com,153 135 6654
3029,Ag Rosenzveig,arosenzveigmm@topsy.com,938 229 1882
3703,Hussein Snuggs,hsnuggsmn@dagondesign.com,129 823 1306
3312,Quinlan Saill,qsaillmo@comsenz.com,569 506 2451
3521,Daryn Ebdon,debdonmp@gnu.org,496 324 5269
3514,Ermin MacFadzean,emacfadzeanmq@google.com.au,507 692 7828
3401,Shela Micheu,smicheumr@tripadvisor.com,962 924 8479
3292,Katey Pinson,kpinsonms@mapquest.com,463 621 2797
3792,Olia Wickwar,owickwarmt@ifeng.com,463 275 6889
3014,Grata Griswaite,ggriswaitemu@de.vu,985 482 9921
3720,Windham Foote,wfootemv@state.tx.us,631 653 3333
3696,Norene Decourcy,ndecourcymw@phpbb.com,652 338 7178
3524,Elicia Giovanetti,egiovanettimx@github.com,913 517 5176
3579,Lizzy Boyat,lboyatmy@newsvine.com,398 184 4651
3576,April Downage,adownagemz@techcrunch.com,992 705 9599
3723,Casar Bartrum,cbartrumn0@themeforest.net,317 581 0689
3856,Haywood Redington,hredingtonn1@skyrock.com,719 880 6573
3882,Orel Antill,oantilln2@google.cn,469 313 9966
3595,Therine Mouan,tmouann3@domainmarket.com,593 100 0313
3154,Loretta Perch,lperchn4@deviantart.com,713 561 4785
3076,Kally Killingsworth,kkillingsworthn5@blogtalkradio.com,518 891 0635
3996,Templeton Ovenell,tovenelln6@tripod.com,536 360 2368
3313,Jeana Clohessy,jclohessyn7@deviantart.com,178 231 2286
3811,Domingo Aleksandrikin,daleksandrikinn8@foxnews.com,116 234 1867
3907,Jerrie Lamberteschi,jlamberteschin9@ask.com,919 153 8668
3127,Emile Tallman,etallmanna@uol.com.br,910 891 7924
3178,Christabel Jansen,cjansennb@google.de,481 946 5664
3701,Davin Yeo,dyeonc@technorati.com,447 816 5624
3379,Hirsch Cargenven,hcargenvennd@gnu.org,401 539 5299
3149,Trescha Nickels,tnickelsne@jigsy.com,395 934 1481
3266,Foss MacCourt,fmaccourtnf@flavors.me,463 316 8480
3555,Gusta Sibbert,gsibbertng@elegantthemes.com,452 973 1102
3806,Isadore Everett,ieverettnh@msn.com,236 983 7318
3878,Sara-ann Haddrill,shaddrillni@posterous.com,743 134 2061
3901,Aksel Moncreiff,amoncreiffnj@xinhuanet.com,278 799 5081
3552,Lennie Nand,lnandnk@w3.org,586 346 3433
3052,Grethel Ielden,gieldennl@aboutads.info,919 396 7873
3665,Rosabelle Billings,rbillingsnm@shinystat.com,866 130 1110
3235,Minne Pudden,mpuddennn@godaddy.com,930 100 7503
3623,Yard Puckham,ypuckhamno@sogou.com,336 551 8529
3365,Devon Goodread,dgoodreadnp@sina.com.cn,621 443 1491
3465,Bradan Kryzhov,bkryzhovnq@fema.gov,405 972 7803
3717,Jae Erskine Sandys,jerskinenr@wikispaces.com,650 106 6420
3676,Morganica Benfield,mbenfieldns@bandcamp.com,894 746 1973
3487,Augusto Strowthers,astrowthersnt@google.ru,849 867 2893
3901,Shanie Desvignes,sdesvignesnu@networkadvertising.org,370 242 9231
3908,Kendre Curzey,kcurzeynv@chron.com,435 551 8054
3208,Darcey Lace,dlacenw@51.la,603 534 8921
3239,Casey Lippatt,clippattnx@japanpost.jp,704 432 9903
3511,Brandy Arnoldi,barnoldiny@free.fr,974 206 3261
3691,Duke Wharlton,dwharltonnz@google.com.hk,300 266 0177
3166,Myles Longstaffe,mlongstaffeo0@fda.gov,695 719 3936
3526,Vance Gingles,vgingleso1@reddit.com,531 586 9511
3672,Myrtia Bernini,mberninio2@nifty.com,990 892 8082
3856,Tobi Thackston,tthackstono3@arstechnica.com,635 484 9737
3424,Scarlet Spens,sspenso4@uiuc.edu,166 543 3944
3871,Britta Bienvenu,bbienvenuo5@wikimedia.org,519 155 6277
3965,Jerrine McLaren,jmclareno6@blinklist.com,529 428 5379
3843,Joyann Pesterfield,jpesterfieldo7@reference.com,464 844 8049
3118,Gard Chesswas,gchesswaso8@scientificamerican.com,368 349 4119
3632,Dallas Cordeau,dcordeauo9@opensource.org,441 157 0451
3129,Bailey Soan,bsoanoa@g.co,964 567 9908
3501,Dyane Kinsman,dkinsmanob@yolasite.com,972 141 3852
3878,Lonnie Hughs,lhughsoc@sbwire.com,670 648 4977
3327,Konstanze Targe,ktargeod@posterous.com,707 140 3279
3377,Mortie Costerd,mcosterdoe@miitbeian.gov.cn,624 188 2763
3306,Marcy Bettlestone,mbettlestoneof@cbc.ca,746 846 2443
3290,Tuckie Playfoot,tplayfootog@theglobeandmail.com,502 566 1406
3410,Lazare Nowlan,lnowlanoh@auda.org.au,153 961 1741
3238,Jerad Braywood,jbraywoodoi@trellian.com,536 193 3736
3885,Gerty Capelen,gcapelenoj@foxnews.com,652 217 6032
3653,Germayne O'Doireidh,godoireidhok@purevolume.com,165 252 5427
3823,Cleon Thrasher,cthrasherol@yellowbook.com,274 104 7043
3015,Abner Pietrzyk,apietrzykom@auda.org.au,526 585 7143
3171,Kailey Coe,kcoeon@sbwire.com,419 408 2057
3209,Winne Shipway,wshipwayoo@bigcartel.com,932 904 7804
3187,Mirelle Giffin,mgiffinop@acquirethisname.com,388 607 3865
3742,Gerrie Kasper,gkasperoq@earthlink.net,607 145 4652
3997,Odell Nolleau,onolleauor@cpanel.net,306 933 7338
3115,Adelaida Sergeant,asergeantos@naver.com,791 508 9192
3039,Kalie Kempster,kkempsterot@comcast.net,332 561 2992
3696,Jay Patmore,jpatmoreou@usnews.com,857 784 1720
3444,Rockey Gerlack,rgerlackov@rakuten.co.jp,926 618 7578
3534,Elisabeth Mac Giolla Pheadair,emacow@histats.com,842 429 3783
3932,Loraine Beedom,lbeedomox@networkadvertising.org,761 516 1592
3968,Ruperto Teall,rtealloy@desdev.cn,422 124 7941
3445,Shelby Lickorish,slickorishoz@bizjournals.com,210 476 2007
3882,Anders Wyrill,awyrillp0@state.tx.us,151 189 1280
3983,Danyette Willingham,dwillinghamp1@instagram.com,982 152 0390
3939,Alena Levin,alevinp2@ebay.com,157 541 5513
3339,Sayres Elcom,selcomp3@yellowbook.com,479 277 4012
3926,Jackie Borrington,jborringtonp4@t-online.de,299 593 6092
3675,Inge Garnsworthy,igarnsworthyp5@oracle.com,201 241 1691
3874,Donnie Dicty,ddictyp6@ucoz.com,642 192 6509
3046,Kennett Karpov,kkarpovp7@businesswire.com,650 976 2411
3384,Trisha Lissemore,tlissemorep8@oracle.com,863 530 9104
3294,Angelia Silverthorn,asilverthornp9@cbc.ca,666 572 6683
3438,Dyna Roslen,droslenpa@live.com,907 153 8566
3096,Lucio Chattey,lchatteypb@ning.com,143 513 6559
3168,Alick Barde,abardepc@ning.com,211 108 2567
3648,Marjy Frentz,mfrentzpd@un.org,293 204 3785
3415,Mireielle Candy,mcandype@google.co.jp,173 974 0021
3556,Elmira Jack,ejackpf@addtoany.com,139 762 1472
3520,Ring Castaneda,rcastanedapg@usgs.gov,747 423 6897
3328,Jens O'Dyvoie,jodyvoieph@google.co.jp,539 397 6151
3223,Doll Rasch,draschpi@reverbnation.com,310 585 3116
3344,Marla Herley,mherleypj@tumblr.com,310 707 2064
3085,Ottilie Levy,olevypk@odnoklassniki.ru,774 952 3569
3172,Tadeo Borwick,tborwickpl@ebay.co.uk,130 273 8757
3625,Marji Casiero,mcasieropm@cnet.com,133 426 4776
3737,Chancey Duthie,cduthiepn@yellowpages.com,466 688 1051
3639,Ephrayim Vernay,evernaypo@europa.eu,823 798 4015
3914,Vere Grimsdale,vgrimsdalepp@alibaba.com,724 534 2697
3671,Weider Rouby,wroubypq@google.es,296 480 4549
3133,Franny Hughman,fhughmanpr@newyorker.com,934 598 1570
3367,Jethro Parren,jparrenps@amazon.com,224 941 5566
3875,Findlay Eidler,feidlerpt@zdnet.com,545 139 0869
3719,Delphinia Slainey,dslaineypu@examiner.com,609 803 7968
3593,Roxanne Humber,rhumberpv@si.edu,291 421 2079
3951,Karim Shea,ksheapw@studiopress.com,460 236 5020
3157,Sharai Yuryichev,syuryichevpx@ifeng.com,229 202 8297
3903,Camellia Rye,cryepy@psu.edu,930 329 4335
3126,Angel Lochrie,alochriepz@phoca.cz,339 157 4537
3214,Torie Lowde,tlowdeq0@google.com,308 540 3784
3152,Keen Ladon,kladonq1@vistaprint.com,443 695 8551
3833,Alford Frape,afrapeq2@uol.com.br,249 706 7738
3009,Laura Goldhill,lgoldhillq3@mozilla.org,500 156 6902
3136,Gael Kermannes,gkermannesq4@clickbank.net,812 389 1360
3010,Rafael Loxly,rloxlyq5@ucoz.ru,122 736 3293
3573,Nels Ashburne,nashburneq6@a8.net,583 579 7907
3239,Venus Areles,varelesq7@google.com.br,545 627 8917
3058,Kahlil Dragoe,kdragoeq8@marriott.com,977 477 9260
3887,Marvin Orchard,morchardq9@unblog.fr,942 881 7718
3044,Candice Betke,cbetkeqa@reference.com,463 276 4501
3012,Kimberlee Kendell,kkendellqb@spotify.com,510 310 3550
3107,Thain Crenage,tcrenageqc@uol.com.br,672 899 2689
3184,Hewitt Whacket,hwhacketqd@goo.ne.jp,748 435 8360
3321,Stillman O'Mullally,somullallyqe@dagondesign.com,476 768 3090
3876,Donielle Lexa,dlexaqf@latimes.com,881 364 8527
3511,Lissy Pellman,lpellmanqg@jalbum.net,279 168 4029
3042,Pat Smallcombe,psmallcombeqh@princeton.edu,255 674 3580
3106,Kara Malacrida,kmalacridaqi@dailymail.co.uk,166 286 3219
4000,Cookie Joseff,cjoseffqj@shareasale.com,331 820 4929
3970,Doy Isaq,disaqqk@trellian.com,980 748 0142
3275,Angy Luetchford,aluetchfordql@stumbleupon.com,422 821 8347
3303,Leonidas Kytley,lkytleyqm@loc.gov,456 912 5160
3716,Modestine Sommerled,msommerledqn@diigo.com,379 260 4393
3290,Sandor Checkley,scheckleyqo@ameblo.jp,391 252 9635
3411,Flore Wooff,fwooffqp@acquirethisname.com,472 173 3927
3171,Wallie Kelloway,wkellowayqq@ucoz.com,225 761 1092
3294,Frankie Elverston,felverstonqr@yandex.ru,419 184 3568
3230,Antonin Larcier,alarcierqs@va.gov,803 198 5404
3008,Terrijo Whylie,twhylieqt@vinaora.com,257 680 5567
3641,Lisha Coughtrey,lcoughtreyqu@toplist.cz,399 969 7941
3151,Berti Alcock,balcockqv@godaddy.com,399 332 6932
3941,Jessamine Peaker,jpeakerqw@marketwatch.com,210 290 3302
3315,Monica Targett,mtargettqx@yandex.ru,698 115 8822
3859,Jacintha Pillinger,jpillingerqy@ucsd.edu,542 893 2801
3317,Pammie Selway,pselwayqz@harvard.edu,799 564 8390
3208,April Edie,aedier0@statcounter.com,222 826 4726
3327,Kora Hallows,khallowsr1@reverbnation.com,149 244 4075
3625,Davie Hills,dhillsr2@reddit.com,421 814 3983
3773,Jereme Wythill,jwythillr3@thetimes.co.uk,676 759 5200
3193,Gale Meany,gmeanyr4@flickr.com,948 328 8055
3191,Corly Heild,cheildr5@squarespace.com,511 779 7891
3681,Alison Dennidge,adennidger6@1688.com,796 442 7045
3820,Natty Tatchell,ntatchellr7@bbc.co.uk,371 247 6964
3786,Davita Rayburn,drayburnr8@blogger.com,878 369 9109
3042,Cammi Cissen,ccissenr9@omniture.com,321 529 6957
3702,Tracey Jehan,tjehanra@google.ca,792 601 6991
3698,Issy Dumbleton,idumbletonrb@macromedia.com,813 611 2051
3902,Chrisy Dwelley,cdwelleyrc@seattletimes.com,850 523 5994
3837,Delmore Hubach,dhubachrd@cbsnews.com,352 295 6467
3453,Sharla Margrie,smargriere@e-recht24.de,711 219 1494
3255,Nissie Cooke,ncookerf@rediff.com,586 710 8071
3680,Floris Sprasen,fsprasenrg@jugem.jp,692 742 4027
3922,Diandra Cankett,dcankettrh@hatena.ne.jp,542 228 6026
3161,Tate Dunbar,tdunbarri@w3.org,367 417 4758
3599,Selma Saunder,ssaunderrj@blog.com,829 180 1351
3492,Anabal Cotter,acotterrk@4shared.com,552 423 1799
3720,Kata Duchateau,kduchateaurl@loc.gov,390 955 9307
3983,Ranique McCree,rmccreerm@psu.edu,374 286 7495
3723,Chiquia McSweeney,cmcsweeneyrn@timesonline.co.uk,500 775 2211
3223,Lira Yuryaev,lyuryaevro@zdnet.com,365 780 7651
3505,Aurilia Landsman,alandsmanrp@archive.org,403 830 7904
3254,Wadsworth Godsil,wgodsilrq@wordpress.com,413 171 2071
3239,Guilbert Pring,gpringrr@51.la,996 839 9375
